OrderID,ProductType,Quantity,OrderTime,PickType,PPS_ID
ORD_1,Toys,2,2024-03-09 18:32:00,Automated,PPS_1
ORD_2,Toys,4,2024-03-11 15:19:00,Manual,PPS_5
ORD_3,Books,1,2024-03-05 10:42:00,Automated,PPS_3
ORD_4,Books,1,2024-03-21 17:24:00,Manual,PPS_4
ORD_5,Books,9,2024-03-16 15:13:00,Manual,PPS_3
ORD_6,Clothing,5,2024-03-14 11:54:00,Manual,PPS_5
ORD_7,Clothing,5,2024-03-19 06:17:00,Automated,PPS_2
ORD_8,Clothing,8,2024-03-14 19:05:00,Automated,PPS_4
ORD_9,Clothing,8,2024-03-25 09:18:00,Manual,PPS_2
ORD_10,Electronics,1,2024-03-16 13:05:00,Automated,PPS_4
ORD_11,Toys,7,2024-03-27 10:52:00,Automated,PPS_2
ORD_12,Electronics,8,2024-03-27 06:53:00,Manual,PPS_3
ORD_13,Toys,6,2024-03-01 00:02:00,Automated,PPS_4
ORD_14,Groceries,10,2024-03-04 18:39:00,Manual,PPS_4
ORD_15,Toys,1,2024-03-21 18:11:00,Automated,PPS_1
ORD_16,Clothing,9,2024-03-29 03:42:00,Automated,PPS_1
ORD_17,Clothing,7,2024-03-28 03:19:00,Automated,PPS_1
ORD_18,Books,9,2024-03-28 23:41:00,Automated,PPS_3
ORD_19,Books,8,2024-03-12 13:21:00,Manual,PPS_5
ORD_20,Toys,6,2024-03-26 12:41:00,Manual,PPS_2
ORD_21,Groceries,1,2024-03-16 14:36:00,Automated,PPS_2
ORD_22,Groceries,10,2024-03-21 12:50:00,Manual,PPS_2
ORD_23,Toys,10,2024-03-13 02:32:00,Automated,PPS_1
ORD_24,Clothing,6,2024-03-03 04:36:00,Automated,PPS_1
ORD_25,Electronics,2,2024-03-02 03:33:00,Automated,PPS_4
ORD_26,Groceries,6,2024-03-11 10:48:00,Manual,PPS_2
ORD_27,Clothing,1,2024-03-30 20:28:00,Automated,PPS_4
ORD_28,Groceries,8,2024-03-05 06:00:00,Manual,PPS_3
ORD_29,Electronics,10,2024-03-18 22:08:00,Manual,PPS_2
ORD_30,Clothing,8,2024-03-15 10:51:00,Manual,PPS_3
ORD_31,Electronics,8,2024-03-19 14:03:00,Automated,PPS_4
ORD_32,Electronics,7,2024-03-18 06:08:00,Manual,PPS_5
ORD_33,Groceries,1,2024-03-18 03:27:00,Manual,PPS_5
ORD_34,Groceries,8,2024-03-02 18:35:00,Automated,PPS_1
ORD_35,Toys,9,2024-03-24 15:07:00,Automated,PPS_1
ORD_36,Clothing,4,2024-03-01 03:25:00,Manual,PPS_4
ORD_37,Electronics,4,2024-03-17 13:15:00,Automated,PPS_3
ORD_38,Clothing,3,2024-03-21 18:14:00,Automated,PPS_1
ORD_39,Toys,1,2024-03-30 13:35:00,Manual,PPS_4
ORD_40,Electronics,4,2024-03-13 03:55:00,Manual,PPS_1
ORD_41,Groceries,6,2024-03-05 17:07:00,Automated,PPS_3
ORD_42,Groceries,9,2024-03-24 14:45:00,Manual,PPS_1
ORD_43,Electronics,10,2024-03-18 15:00:00,Automated,PPS_4
ORD_44,Electronics,9,2024-03-09 20:38:00,Automated,PPS_4
ORD_45,Toys,8,2024-03-06 02:08:00,Automated,PPS_2
ORD_46,Electronics,8,2024-03-08 19:35:00,Automated,PPS_2
ORD_47,Clothing,10,2024-03-16 16:46:00,Manual,PPS_3
ORD_48,Toys,7,2024-03-06 00:59:00,Manual,PPS_2
ORD_49,Clothing,5,2024-03-12 03:55:00,Automated,PPS_1
ORD_50,Groceries,7,2024-03-01 12:19:00,Automated,PPS_4
ORD_51,Clothing,2,2024-03-25 06:53:00,Automated,PPS_2
ORD_52,Toys,2,2024-03-21 05:50:00,Automated,PPS_4
ORD_53,Groceries,3,2024-03-07 14:22:00,Manual,PPS_1
ORD_54,Toys,7,2024-03-12 01:06:00,Automated,PPS_4
ORD_55,Toys,5,2024-03-06 06:28:00,Manual,PPS_2
ORD_56,Clothing,4,2024-03-01 22:23:00,Manual,PPS_4
ORD_57,Books,7,2024-03-16 18:37:00,Manual,PPS_5
ORD_58,Groceries,6,2024-03-03 21:12:00,Manual,PPS_5
ORD_59,Clothing,1,2024-03-25 10:53:00,Automated,PPS_5
ORD_60,Groceries,5,2024-03-18 13:12:00,Manual,PPS_1
ORD_61,Toys,1,2024-03-26 14:34:00,Automated,PPS_2
ORD_62,Books,6,2024-03-01 16:28:00,Automated,PPS_1
ORD_63,Books,4,2024-03-08 19:27:00,Automated,PPS_2
ORD_64,Clothing,6,2024-03-05 10:19:00,Manual,PPS_5
ORD_65,Clothing,10,2024-03-19 20:24:00,Manual,PPS_1
ORD_66,Electronics,2,2024-03-25 03:10:00,Automated,PPS_4
ORD_67,Groceries,6,2024-03-03 19:33:00,Automated,PPS_4
ORD_68,Groceries,4,2024-03-09 03:26:00,Automated,PPS_4
ORD_69,Groceries,2,2024-03-03 08:18:00,Automated,PPS_5
ORD_70,Electronics,2,2024-03-08 04:10:00,Manual,PPS_4
ORD_71,Clothing,10,2024-03-24 06:42:00,Manual,PPS_4
ORD_72,Clothing,5,2024-03-01 23:49:00,Manual,PPS_5
ORD_73,Toys,8,2024-03-25 07:57:00,Automated,PPS_1
ORD_74,Groceries,3,2024-03-12 05:26:00,Automated,PPS_2
ORD_75,Groceries,2,2024-03-10 13:26:00,Manual,PPS_5
ORD_76,Clothing,9,2024-03-08 01:44:00,Manual,PPS_1
ORD_77,Electronics,1,2024-03-13 14:24:00,Manual,PPS_5
ORD_78,Books,4,2024-03-30 15:49:00,Automated,PPS_2
ORD_79,Clothing,7,2024-03-11 00:59:00,Manual,PPS_1
ORD_80,Toys,1,2024-03-07 01:33:00,Automated,PPS_2
ORD_81,Toys,9,2024-03-07 13:21:00,Manual,PPS_2
ORD_82,Electronics,9,2024-03-20 17:48:00,Manual,PPS_2
ORD_83,Clothing,10,2024-03-01 00:15:00,Manual,PPS_1
ORD_84,Books,8,2024-03-27 20:29:00,Manual,PPS_5
ORD_85,Electronics,8,2024-03-21 04:47:00,Manual,PPS_5
ORD_86,Toys,9,2024-03-23 01:58:00,Automated,PPS_5
ORD_87,Books,4,2024-03-12 03:38:00,Manual,PPS_1
ORD_88,Groceries,6,2024-03-15 02:39:00,Automated,PPS_5
ORD_89,Electronics,4,2024-03-13 19:41:00,Automated,PPS_5
ORD_90,Clothing,1,2024-03-10 19:19:00,Automated,PPS_5
ORD_91,Groceries,10,2024-03-29 09:18:00,Automated,PPS_2
ORD_92,Groceries,2,2024-03-04 15:50:00,Automated,PPS_3
ORD_93,Electronics,7,2024-03-13 04:37:00,Manual,PPS_2
ORD_94,Electronics,1,2024-03-24 17:05:00,Automated,PPS_2
ORD_95,Books,9,2024-03-22 10:19:00,Manual,PPS_3
ORD_96,Electronics,7,2024-03-21 14:32:00,Automated,PPS_3
ORD_97,Groceries,6,2024-03-09 19:58:00,Manual,PPS_1
ORD_98,Electronics,8,2024-03-08 16:39:00,Manual,PPS_1
ORD_99,Toys,7,2024-03-20 14:08:00,Manual,PPS_4
ORD_100,Groceries,7,2024-03-05 14:39:00,Manual,PPS_5
ORD_101,Electronics,6,2024-03-17 13:07:00,Manual,PPS_1
ORD_102,Groceries,10,2024-03-07 08:17:00,Manual,PPS_5
ORD_103,Clothing,7,2024-03-23 06:40:00,Automated,PPS_5
ORD_104,Electronics,5,2024-03-23 19:09:00,Manual,PPS_1
ORD_105,Clothing,3,2024-03-23 04:54:00,Automated,PPS_5
ORD_106,Toys,7,2024-03-08 21:28:00,Manual,PPS_3
ORD_107,Electronics,1,2024-03-19 09:38:00,Automated,PPS_5
ORD_108,Books,8,2024-03-15 08:38:00,Manual,PPS_5
ORD_109,Groceries,1,2024-03-14 23:52:00,Automated,PPS_1
ORD_110,Electronics,4,2024-03-27 00:54:00,Automated,PPS_5
ORD_111,Electronics,5,2024-03-28 16:34:00,Manual,PPS_4
ORD_112,Electronics,6,2024-03-04 18:55:00,Manual,PPS_3
ORD_113,Toys,7,2024-03-24 00:44:00,Manual,PPS_4
ORD_114,Books,10,2024-03-07 19:30:00,Automated,PPS_2
ORD_115,Clothing,1,2024-03-30 03:23:00,Manual,PPS_4
ORD_116,Electronics,9,2024-03-25 13:58:00,Manual,PPS_1
ORD_117,Toys,8,2024-03-06 15:16:00,Automated,PPS_1
ORD_118,Electronics,9,2024-03-11 08:15:00,Automated,PPS_3
ORD_119,Clothing,10,2024-03-17 22:13:00,Automated,PPS_1
ORD_120,Clothing,8,2024-03-05 01:54:00,Manual,PPS_4
ORD_121,Books,10,2024-03-08 11:58:00,Manual,PPS_1
ORD_122,Electronics,9,2024-03-09 07:05:00,Manual,PPS_1
ORD_123,Electronics,10,2024-03-09 06:51:00,Manual,PPS_3
ORD_124,Electronics,10,2024-03-11 14:17:00,Manual,PPS_4
ORD_125,Toys,1,2024-03-06 02:53:00,Manual,PPS_2
ORD_126,Clothing,1,2024-03-10 06:39:00,Automated,PPS_1
ORD_127,Clothing,6,2024-03-27 02:47:00,Automated,PPS_4
ORD_128,Groceries,6,2024-03-28 17:26:00,Manual,PPS_5
ORD_129,Groceries,7,2024-03-03 09:06:00,Manual,PPS_2
ORD_130,Clothing,5,2024-03-07 06:43:00,Automated,PPS_3
ORD_131,Clothing,7,2024-03-16 18:15:00,Automated,PPS_5
ORD_132,Toys,9,2024-03-08 13:52:00,Manual,PPS_4
ORD_133,Toys,5,2024-03-20 18:41:00,Manual,PPS_1
ORD_134,Electronics,7,2024-03-05 09:56:00,Automated,PPS_1
ORD_135,Electronics,1,2024-03-01 08:41:00,Automated,PPS_1
ORD_136,Books,2,2024-03-08 20:01:00,Automated,PPS_2
ORD_137,Electronics,4,2024-03-06 02:57:00,Manual,PPS_4
ORD_138,Groceries,2,2024-03-29 05:07:00,Automated,PPS_2
ORD_139,Toys,9,2024-03-30 20:23:00,Manual,PPS_2
ORD_140,Books,8,2024-03-13 00:46:00,Automated,PPS_2
ORD_141,Books,9,2024-03-03 14:10:00,Manual,PPS_3
ORD_142,Clothing,10,2024-03-22 14:42:00,Manual,PPS_3
ORD_143,Books,10,2024-03-15 12:14:00,Manual,PPS_5
ORD_144,Clothing,10,2024-03-09 20:05:00,Manual,PPS_2
ORD_145,Toys,1,2024-03-27 13:27:00,Automated,PPS_4
ORD_146,Books,6,2024-03-26 08:34:00,Automated,PPS_5
ORD_147,Clothing,4,2024-03-13 16:02:00,Automated,PPS_2
ORD_148,Electronics,7,2024-03-29 05:54:00,Automated,PPS_2
ORD_149,Groceries,4,2024-03-04 07:25:00,Automated,PPS_2
ORD_150,Toys,7,2024-03-14 03:34:00,Manual,PPS_3
ORD_151,Toys,8,2024-03-14 20:44:00,Manual,PPS_1
ORD_152,Clothing,1,2024-03-21 21:34:00,Automated,PPS_3
ORD_153,Books,8,2024-03-24 20:12:00,Manual,PPS_1
ORD_154,Toys,8,2024-03-25 09:12:00,Manual,PPS_3
ORD_155,Clothing,9,2024-03-21 08:05:00,Automated,PPS_2
ORD_156,Electronics,9,2024-03-08 18:28:00,Manual,PPS_1
ORD_157,Books,6,2024-03-29 17:11:00,Automated,PPS_2
ORD_158,Books,5,2024-03-11 13:54:00,Manual,PPS_2
ORD_159,Electronics,8,2024-03-03 20:13:00,Automated,PPS_3
ORD_160,Clothing,3,2024-03-04 19:13:00,Manual,PPS_4
ORD_161,Groceries,10,2024-03-30 16:33:00,Automated,PPS_4
ORD_162,Toys,2,2024-03-15 05:30:00,Automated,PPS_1
ORD_163,Books,2,2024-03-07 13:49:00,Manual,PPS_2
ORD_164,Books,7,2024-03-15 22:21:00,Automated,PPS_5
ORD_165,Toys,10,2024-03-10 04:39:00,Manual,PPS_2
ORD_166,Clothing,6,2024-03-22 09:48:00,Automated,PPS_1
ORD_167,Electronics,8,2024-03-19 22:24:00,Automated,PPS_5
ORD_168,Groceries,8,2024-03-24 13:31:00,Manual,PPS_1
ORD_169,Clothing,1,2024-03-01 08:32:00,Manual,PPS_1
ORD_170,Electronics,3,2024-03-01 00:17:00,Automated,PPS_2
ORD_171,Books,7,2024-03-20 13:04:00,Automated,PPS_1
ORD_172,Clothing,4,2024-03-21 19:08:00,Manual,PPS_1
ORD_173,Books,8,2024-03-02 23:06:00,Manual,PPS_5
ORD_174,Groceries,7,2024-03-21 12:15:00,Automated,PPS_3
ORD_175,Electronics,1,2024-03-13 00:12:00,Automated,PPS_3
ORD_176,Electronics,10,2024-03-10 04:56:00,Manual,PPS_1
ORD_177,Groceries,8,2024-03-03 05:18:00,Manual,PPS_3
ORD_178,Toys,4,2024-03-01 23:23:00,Manual,PPS_5
ORD_179,Books,5,2024-03-26 20:59:00,Manual,PPS_1
ORD_180,Electronics,8,2024-03-26 10:08:00,Automated,PPS_5
ORD_181,Toys,6,2024-03-08 16:55:00,Automated,PPS_2
ORD_182,Electronics,7,2024-03-20 13:21:00,Automated,PPS_2
ORD_183,Groceries,2,2024-03-30 10:09:00,Manual,PPS_5
ORD_184,Books,4,2024-03-07 23:05:00,Automated,PPS_3
ORD_185,Electronics,9,2024-03-19 00:23:00,Manual,PPS_1
ORD_186,Toys,6,2024-03-03 20:32:00,Automated,PPS_4
ORD_187,Groceries,5,2024-03-28 10:03:00,Manual,PPS_1
ORD_188,Clothing,10,2024-03-09 23:08:00,Manual,PPS_2
ORD_189,Toys,10,2024-03-16 00:18:00,Manual,PPS_1
ORD_190,Electronics,10,2024-03-09 08:57:00,Manual,PPS_4
ORD_191,Clothing,6,2024-03-17 13:39:00,Automated,PPS_4
ORD_192,Groceries,2,2024-03-04 14:40:00,Manual,PPS_2
ORD_193,Groceries,5,2024-03-17 08:57:00,Automated,PPS_3
ORD_194,Groceries,3,2024-03-26 22:44:00,Automated,PPS_1
ORD_195,Books,8,2024-03-04 12:41:00,Automated,PPS_4
ORD_196,Toys,1,2024-03-03 12:05:00,Automated,PPS_1
ORD_197,Groceries,3,2024-03-18 13:54:00,Automated,PPS_1
ORD_198,Electronics,3,2024-03-25 01:49:00,Manual,PPS_3
ORD_199,Books,5,2024-03-13 06:16:00,Manual,PPS_2
ORD_200,Electronics,3,2024-03-03 07:37:00,Manual,PPS_5
ORD_201,Electronics,9,2024-03-07 08:29:00,Manual,PPS_5
ORD_202,Groceries,10,2024-03-08 19:32:00,Automated,PPS_2
ORD_203,Electronics,1,2024-03-01 17:10:00,Manual,PPS_5
ORD_204,Electronics,10,2024-03-07 15:49:00,Manual,PPS_5
ORD_205,Groceries,2,2024-03-25 10:19:00,Automated,PPS_1
ORD_206,Books,4,2024-03-24 09:48:00,Manual,PPS_2
ORD_207,Toys,7,2024-03-09 18:34:00,Automated,PPS_3
ORD_208,Clothing,2,2024-03-13 01:47:00,Manual,PPS_4
ORD_209,Books,1,2024-03-23 21:54:00,Automated,PPS_1
ORD_210,Clothing,1,2024-03-01 00:19:00,Manual,PPS_4
ORD_211,Books,8,2024-03-20 11:19:00,Automated,PPS_2
ORD_212,Groceries,4,2024-03-26 09:27:00,Manual,PPS_3
ORD_213,Groceries,2,2024-03-14 16:08:00,Manual,PPS_1
ORD_214,Books,6,2024-03-08 11:48:00,Automated,PPS_3
ORD_215,Groceries,10,2024-03-05 15:21:00,Manual,PPS_3
ORD_216,Electronics,4,2024-03-29 22:40:00,Manual,PPS_5
ORD_217,Clothing,9,2024-03-14 05:29:00,Manual,PPS_4
ORD_218,Clothing,8,2024-03-20 07:26:00,Automated,PPS_3
ORD_219,Books,7,2024-03-05 17:11:00,Manual,PPS_3
ORD_220,Electronics,7,2024-03-28 20:39:00,Automated,PPS_2
ORD_221,Groceries,5,2024-03-19 14:54:00,Manual,PPS_4
ORD_222,Clothing,3,2024-03-06 03:08:00,Manual,PPS_1
ORD_223,Books,7,2024-03-25 07:07:00,Automated,PPS_5
ORD_224,Toys,4,2024-03-05 05:19:00,Automated,PPS_2
ORD_225,Books,10,2024-03-07 09:29:00,Automated,PPS_4
ORD_226,Clothing,7,2024-03-25 20:53:00,Automated,PPS_5
ORD_227,Electronics,9,2024-03-26 11:54:00,Automated,PPS_4
ORD_228,Clothing,9,2024-03-20 06:04:00,Automated,PPS_2
ORD_229,Groceries,9,2024-03-20 21:33:00,Manual,PPS_4
ORD_230,Books,2,2024-03-07 06:37:00,Automated,PPS_1
ORD_231,Clothing,1,2024-03-08 12:27:00,Manual,PPS_1
ORD_232,Groceries,4,2024-03-05 19:15:00,Manual,PPS_1
ORD_233,Books,8,2024-03-21 00:14:00,Manual,PPS_1
ORD_234,Groceries,2,2024-03-27 21:01:00,Automated,PPS_2
ORD_235,Books,3,2024-03-07 21:36:00,Automated,PPS_3
ORD_236,Toys,3,2024-03-26 23:14:00,Manual,PPS_3
ORD_237,Toys,9,2024-03-06 09:55:00,Automated,PPS_2
ORD_238,Groceries,6,2024-03-15 23:28:00,Manual,PPS_4
ORD_239,Groceries,1,2024-03-12 07:47:00,Manual,PPS_3
ORD_240,Groceries,4,2024-03-23 07:11:00,Automated,PPS_1
ORD_241,Books,1,2024-03-21 12:10:00,Manual,PPS_5
ORD_242,Books,1,2024-03-10 17:49:00,Automated,PPS_3
ORD_243,Groceries,3,2024-03-30 12:45:00,Automated,PPS_1
ORD_244,Toys,2,2024-03-27 16:47:00,Manual,PPS_5
ORD_245,Electronics,7,2024-03-20 23:13:00,Manual,PPS_2
ORD_246,Toys,5,2024-03-15 05:06:00,Automated,PPS_4
ORD_247,Electronics,8,2024-03-23 16:56:00,Manual,PPS_4
ORD_248,Clothing,1,2024-03-01 13:58:00,Automated,PPS_3
ORD_249,Electronics,1,2024-03-21 02:43:00,Manual,PPS_4
ORD_250,Groceries,7,2024-03-20 20:07:00,Automated,PPS_1
ORD_251,Electronics,2,2024-03-08 16:30:00,Automated,PPS_2
ORD_252,Electronics,8,2024-03-11 20:32:00,Manual,PPS_4
ORD_253,Electronics,8,2024-03-30 08:53:00,Automated,PPS_1
ORD_254,Toys,1,2024-03-06 23:42:00,Manual,PPS_1
ORD_255,Books,7,2024-03-17 15:18:00,Manual,PPS_4
ORD_256,Groceries,6,2024-03-16 04:51:00,Automated,PPS_1
ORD_257,Books,8,2024-03-13 22:18:00,Manual,PPS_2
ORD_258,Clothing,7,2024-03-19 11:44:00,Automated,PPS_5
ORD_259,Clothing,4,2024-03-16 07:54:00,Automated,PPS_4
ORD_260,Books,6,2024-03-16 03:53:00,Manual,PPS_5
ORD_261,Clothing,7,2024-03-08 16:35:00,Automated,PPS_5
ORD_262,Clothing,7,2024-03-04 08:08:00,Manual,PPS_2
ORD_263,Groceries,1,2024-03-07 08:20:00,Manual,PPS_4
ORD_264,Clothing,3,2024-03-18 07:08:00,Automated,PPS_4
ORD_265,Groceries,3,2024-03-24 09:29:00,Automated,PPS_5
ORD_266,Clothing,9,2024-03-18 06:33:00,Automated,PPS_2
ORD_267,Electronics,2,2024-03-23 06:42:00,Automated,PPS_3
ORD_268,Books,2,2024-03-09 21:07:00,Automated,PPS_5
ORD_269,Clothing,1,2024-03-18 18:06:00,Manual,PPS_4
ORD_270,Clothing,9,2024-03-13 07:11:00,Automated,PPS_1
ORD_271,Toys,8,2024-03-19 16:55:00,Manual,PPS_5
ORD_272,Clothing,5,2024-03-10 21:37:00,Automated,PPS_2
ORD_273,Books,3,2024-03-22 03:42:00,Automated,PPS_5
ORD_274,Toys,4,2024-03-09 11:49:00,Manual,PPS_2
ORD_275,Electronics,3,2024-03-29 10:40:00,Automated,PPS_5
ORD_276,Electronics,1,2024-03-13 15:05:00,Automated,PPS_3
ORD_277,Groceries,1,2024-03-30 14:25:00,Automated,PPS_5
ORD_278,Toys,8,2024-03-18 08:34:00,Manual,PPS_4
ORD_279,Toys,8,2024-03-15 12:07:00,Manual,PPS_2
ORD_280,Books,1,2024-03-30 06:48:00,Automated,PPS_1
ORD_281,Clothing,6,2024-03-16 11:36:00,Automated,PPS_3
ORD_282,Clothing,3,2024-03-29 00:30:00,Automated,PPS_3
ORD_283,Toys,2,2024-03-22 23:12:00,Manual,PPS_1
ORD_284,Clothing,4,2024-03-26 21:02:00,Automated,PPS_4
ORD_285,Clothing,6,2024-03-28 00:47:00,Automated,PPS_4
ORD_286,Electronics,4,2024-03-28 09:35:00,Manual,PPS_2
ORD_287,Groceries,7,2024-03-09 18:42:00,Automated,PPS_4
ORD_288,Books,5,2024-03-21 08:24:00,Automated,PPS_5
ORD_289,Clothing,4,2024-03-18 11:16:00,Manual,PPS_1
ORD_290,Toys,8,2024-03-02 22:35:00,Automated,PPS_3
ORD_291,Books,10,2024-03-18 10:21:00,Automated,PPS_1
ORD_292,Electronics,3,2024-03-23 21:10:00,Automated,PPS_3
ORD_293,Clothing,3,2024-03-02 02:50:00,Manual,PPS_5
ORD_294,Clothing,9,2024-03-22 17:24:00,Automated,PPS_2
ORD_295,Clothing,5,2024-03-01 16:03:00,Automated,PPS_5
ORD_296,Electronics,8,2024-03-17 19:26:00,Manual,PPS_2
ORD_297,Toys,3,2024-03-21 15:57:00,Automated,PPS_2
ORD_298,Books,10,2024-03-14 12:08:00,Automated,PPS_5
ORD_299,Books,5,2024-03-20 16:10:00,Manual,PPS_3
ORD_300,Books,8,2024-03-16 01:12:00,Manual,PPS_4
ORD_301,Clothing,7,2024-03-19 17:00:00,Automated,PPS_3
ORD_302,Toys,1,2024-03-29 13:34:00,Manual,PPS_3
ORD_303,Groceries,6,2024-03-09 02:45:00,Manual,PPS_4
ORD_304,Groceries,1,2024-03-07 18:02:00,Manual,PPS_4
ORD_305,Books,1,2024-03-01 15:29:00,Automated,PPS_2
ORD_306,Clothing,8,2024-03-25 18:44:00,Automated,PPS_1
ORD_307,Books,9,2024-03-09 22:53:00,Automated,PPS_2
ORD_308,Groceries,7,2024-03-07 11:56:00,Automated,PPS_4
ORD_309,Groceries,2,2024-03-18 14:17:00,Manual,PPS_4
ORD_310,Groceries,9,2024-03-08 15:59:00,Manual,PPS_2
ORD_311,Electronics,9,2024-03-08 01:32:00,Automated,PPS_2
ORD_312,Electronics,8,2024-03-04 00:46:00,Manual,PPS_2
ORD_313,Clothing,4,2024-03-07 02:40:00,Manual,PPS_5
ORD_314,Clothing,1,2024-03-25 16:28:00,Automated,PPS_5
ORD_315,Clothing,3,2024-03-08 08:36:00,Manual,PPS_4
ORD_316,Clothing,2,2024-03-01 08:58:00,Automated,PPS_2
ORD_317,Clothing,2,2024-03-07 02:43:00,Manual,PPS_1
ORD_318,Toys,1,2024-03-20 13:51:00,Manual,PPS_3
ORD_319,Electronics,4,2024-03-20 10:36:00,Manual,PPS_3
ORD_320,Groceries,9,2024-03-20 06:04:00,Manual,PPS_3
ORD_321,Books,2,2024-03-04 07:53:00,Manual,PPS_1
ORD_322,Toys,4,2024-03-16 17:29:00,Manual,PPS_2
ORD_323,Clothing,3,2024-03-20 07:28:00,Automated,PPS_3
ORD_324,Books,6,2024-03-02 04:43:00,Manual,PPS_1
ORD_325,Toys,3,2024-03-06 22:21:00,Manual,PPS_1
ORD_326,Toys,6,2024-03-17 02:29:00,Manual,PPS_4
ORD_327,Groceries,7,2024-03-21 12:44:00,Manual,PPS_3
ORD_328,Toys,5,2024-03-05 18:08:00,Manual,PPS_1
ORD_329,Toys,9,2024-03-26 23:06:00,Automated,PPS_5
ORD_330,Electronics,9,2024-03-23 18:50:00,Manual,PPS_4
ORD_331,Electronics,8,2024-03-03 18:05:00,Manual,PPS_4
ORD_332,Groceries,9,2024-03-04 16:47:00,Automated,PPS_2
ORD_333,Groceries,2,2024-03-17 11:28:00,Automated,PPS_1
ORD_334,Books,3,2024-03-21 10:29:00,Manual,PPS_2
ORD_335,Electronics,2,2024-03-29 12:22:00,Automated,PPS_4
ORD_336,Toys,5,2024-03-27 12:10:00,Automated,PPS_4
ORD_337,Books,5,2024-03-21 09:18:00,Automated,PPS_5
ORD_338,Electronics,6,2024-03-24 11:51:00,Automated,PPS_1
ORD_339,Groceries,6,2024-03-07 21:18:00,Manual,PPS_1
ORD_340,Clothing,3,2024-03-21 22:46:00,Manual,PPS_1
ORD_341,Clothing,2,2024-03-14 00:41:00,Manual,PPS_1
ORD_342,Books,1,2024-03-30 03:22:00,Manual,PPS_3
ORD_343,Books,3,2024-03-22 22:44:00,Automated,PPS_3
ORD_344,Clothing,5,2024-03-15 00:17:00,Automated,PPS_3
ORD_345,Clothing,4,2024-03-19 07:59:00,Automated,PPS_1
ORD_346,Groceries,4,2024-03-28 04:04:00,Manual,PPS_2
ORD_347,Clothing,1,2024-03-02 13:35:00,Manual,PPS_5
ORD_348,Clothing,2,2024-03-17 21:38:00,Manual,PPS_1
ORD_349,Groceries,10,2024-03-06 19:12:00,Automated,PPS_4
ORD_350,Electronics,7,2024-03-23 06:02:00,Manual,PPS_5
ORD_351,Toys,1,2024-03-29 18:37:00,Manual,PPS_4
ORD_352,Electronics,9,2024-03-07 16:57:00,Manual,PPS_2
ORD_353,Electronics,9,2024-03-19 11:09:00,Automated,PPS_4
ORD_354,Books,1,2024-03-02 02:31:00,Manual,PPS_3
ORD_355,Clothing,3,2024-03-30 04:28:00,Manual,PPS_4
ORD_356,Electronics,6,2024-03-15 23:17:00,Manual,PPS_2
ORD_357,Toys,2,2024-03-25 19:16:00,Manual,PPS_4
ORD_358,Toys,2,2024-03-29 23:48:00,Automated,PPS_5
ORD_359,Clothing,6,2024-03-11 23:31:00,Automated,PPS_2
ORD_360,Groceries,3,2024-03-06 14:00:00,Manual,PPS_2
ORD_361,Books,4,2024-03-13 06:49:00,Automated,PPS_3
ORD_362,Groceries,6,2024-03-07 22:57:00,Manual,PPS_2
ORD_363,Toys,10,2024-03-09 21:52:00,Automated,PPS_3
ORD_364,Books,5,2024-03-22 08:04:00,Automated,PPS_3
ORD_365,Clothing,3,2024-03-07 20:51:00,Automated,PPS_4
ORD_366,Electronics,4,2024-03-18 11:42:00,Manual,PPS_5
ORD_367,Groceries,1,2024-03-03 05:55:00,Manual,PPS_5
ORD_368,Clothing,8,2024-03-24 23:24:00,Manual,PPS_1
ORD_369,Books,5,2024-03-24 23:09:00,Manual,PPS_4
ORD_370,Books,3,2024-03-16 20:56:00,Automated,PPS_5
ORD_371,Toys,7,2024-03-24 03:12:00,Manual,PPS_4
ORD_372,Groceries,3,2024-03-16 01:29:00,Automated,PPS_5
ORD_373,Groceries,10,2024-03-27 07:35:00,Automated,PPS_2
ORD_374,Clothing,5,2024-03-08 06:51:00,Manual,PPS_2
ORD_375,Electronics,1,2024-03-29 15:41:00,Manual,PPS_4
ORD_376,Electronics,5,2024-03-26 20:20:00,Automated,PPS_4
ORD_377,Groceries,2,2024-03-26 08:45:00,Automated,PPS_1
ORD_378,Groceries,4,2024-03-29 11:50:00,Automated,PPS_2
ORD_379,Clothing,9,2024-03-11 18:25:00,Automated,PPS_1
ORD_380,Books,7,2024-03-09 06:14:00,Automated,PPS_5
ORD_381,Electronics,10,2024-03-14 03:58:00,Automated,PPS_5
ORD_382,Groceries,6,2024-03-26 04:50:00,Manual,PPS_4
ORD_383,Books,6,2024-03-15 15:57:00,Manual,PPS_4
ORD_384,Toys,10,2024-03-10 07:13:00,Manual,PPS_5
ORD_385,Clothing,10,2024-03-10 13:12:00,Automated,PPS_4
ORD_386,Books,9,2024-03-13 02:50:00,Manual,PPS_2
ORD_387,Books,7,2024-03-03 09:57:00,Automated,PPS_4
ORD_388,Clothing,5,2024-03-14 20:55:00,Manual,PPS_2
ORD_389,Clothing,1,2024-03-10 20:07:00,Manual,PPS_5
ORD_390,Electronics,7,2024-03-12 23:36:00,Automated,PPS_1
ORD_391,Groceries,9,2024-03-07 05:50:00,Manual,PPS_5
ORD_392,Groceries,2,2024-03-13 14:12:00,Automated,PPS_2
ORD_393,Clothing,9,2024-03-27 13:42:00,Manual,PPS_3
ORD_394,Groceries,10,2024-03-14 11:40:00,Automated,PPS_4
ORD_395,Clothing,6,2024-03-17 06:04:00,Manual,PPS_2
ORD_396,Groceries,1,2024-03-17 21:33:00,Manual,PPS_4
ORD_397,Clothing,4,2024-03-07 13:41:00,Manual,PPS_5
ORD_398,Books,3,2024-03-06 08:10:00,Automated,PPS_1
ORD_399,Groceries,4,2024-03-12 05:08:00,Automated,PPS_3
ORD_400,Books,6,2024-03-10 21:10:00,Automated,PPS_2
ORD_401,Toys,4,2024-03-25 03:09:00,Manual,PPS_1
ORD_402,Clothing,8,2024-03-30 17:21:00,Manual,PPS_5
ORD_403,Books,2,2024-03-26 13:30:00,Manual,PPS_2
ORD_404,Groceries,8,2024-03-13 02:30:00,Automated,PPS_3
ORD_405,Electronics,6,2024-03-14 01:33:00,Manual,PPS_2
ORD_406,Toys,3,2024-03-19 19:12:00,Manual,PPS_2
ORD_407,Clothing,3,2024-03-16 06:58:00,Manual,PPS_4
ORD_408,Electronics,9,2024-03-25 18:38:00,Automated,PPS_1
ORD_409,Clothing,3,2024-03-10 19:39:00,Manual,PPS_1
ORD_410,Clothing,7,2024-03-23 12:41:00,Automated,PPS_3
ORD_411,Clothing,10,2024-03-05 18:45:00,Manual,PPS_4
ORD_412,Toys,1,2024-03-05 21:55:00,Manual,PPS_4
ORD_413,Groceries,10,2024-03-29 07:08:00,Manual,PPS_3
ORD_414,Groceries,5,2024-03-03 01:22:00,Manual,PPS_3
ORD_415,Groceries,6,2024-03-02 20:52:00,Automated,PPS_3
ORD_416,Electronics,7,2024-03-27 11:56:00,Automated,PPS_4
ORD_417,Toys,10,2024-03-03 13:23:00,Manual,PPS_3
ORD_418,Books,10,2024-03-05 04:11:00,Manual,PPS_3
ORD_419,Clothing,6,2024-03-11 06:50:00,Automated,PPS_5
ORD_420,Books,5,2024-03-02 07:36:00,Manual,PPS_3
ORD_421,Toys,4,2024-03-26 16:36:00,Automated,PPS_5
ORD_422,Groceries,2,2024-03-28 13:00:00,Manual,PPS_2
ORD_423,Toys,8,2024-03-22 03:08:00,Manual,PPS_5
ORD_424,Electronics,10,2024-03-24 05:24:00,Automated,PPS_1
ORD_425,Books,6,2024-03-13 22:58:00,Manual,PPS_3
ORD_426,Groceries,7,2024-03-20 12:12:00,Manual,PPS_5
ORD_427,Electronics,7,2024-03-30 21:02:00,Manual,PPS_2
ORD_428,Books,2,2024-03-05 08:40:00,Automated,PPS_3
ORD_429,Toys,6,2024-03-30 17:13:00,Manual,PPS_3
ORD_430,Groceries,10,2024-03-24 10:40:00,Automated,PPS_5
ORD_431,Groceries,8,2024-03-11 07:43:00,Automated,PPS_1
ORD_432,Electronics,3,2024-03-22 04:38:00,Automated,PPS_4
ORD_433,Groceries,9,2024-03-26 02:17:00,Manual,PPS_5
ORD_434,Groceries,4,2024-03-03 02:44:00,Manual,PPS_1
ORD_435,Electronics,5,2024-03-28 13:27:00,Manual,PPS_2
ORD_436,Toys,5,2024-03-21 08:09:00,Automated,PPS_1
ORD_437,Clothing,1,2024-03-12 20:19:00,Manual,PPS_1
ORD_438,Clothing,10,2024-03-19 22:51:00,Manual,PPS_3
ORD_439,Groceries,10,2024-03-03 15:20:00,Automated,PPS_2
ORD_440,Groceries,4,2024-03-24 16:54:00,Manual,PPS_4
ORD_441,Groceries,10,2024-03-30 19:39:00,Automated,PPS_3
ORD_442,Electronics,9,2024-03-19 00:48:00,Manual,PPS_3
ORD_443,Clothing,2,2024-03-26 21:22:00,Automated,PPS_5
ORD_444,Electronics,4,2024-03-10 08:28:00,Manual,PPS_5
ORD_445,Groceries,6,2024-03-09 14:19:00,Manual,PPS_2
ORD_446,Toys,3,2024-03-07 13:45:00,Automated,PPS_4
ORD_447,Books,3,2024-03-28 12:49:00,Manual,PPS_3
ORD_448,Books,9,2024-03-18 21:43:00,Manual,PPS_2
ORD_449,Electronics,6,2024-03-25 02:51:00,Manual,PPS_5
ORD_450,Groceries,10,2024-03-06 16:47:00,Automated,PPS_1
ORD_451,Books,10,2024-03-08 12:09:00,Manual,PPS_1
ORD_452,Toys,1,2024-03-20 16:01:00,Automated,PPS_4
ORD_453,Electronics,10,2024-03-07 13:15:00,Automated,PPS_2
ORD_454,Electronics,2,2024-03-08 08:07:00,Manual,PPS_3
ORD_455,Clothing,1,2024-03-22 00:16:00,Automated,PPS_3
ORD_456,Groceries,3,2024-03-28 01:43:00,Manual,PPS_1
ORD_457,Groceries,4,2024-03-22 12:34:00,Manual,PPS_1
ORD_458,Clothing,2,2024-03-19 07:53:00,Automated,PPS_5
ORD_459,Toys,7,2024-03-14 07:08:00,Automated,PPS_5
ORD_460,Groceries,2,2024-03-17 13:02:00,Automated,PPS_2
ORD_461,Electronics,8,2024-03-13 14:00:00,Manual,PPS_3
ORD_462,Clothing,10,2024-03-08 14:10:00,Manual,PPS_1
ORD_463,Electronics,10,2024-03-27 13:23:00,Manual,PPS_2
ORD_464,Electronics,8,2024-03-05 18:28:00,Automated,PPS_1
ORD_465,Groceries,10,2024-03-04 05:26:00,Manual,PPS_3
ORD_466,Books,9,2024-03-18 18:25:00,Automated,PPS_3
ORD_467,Books,5,2024-03-07 04:55:00,Manual,PPS_1
ORD_468,Clothing,1,2024-03-01 11:15:00,Manual,PPS_4
ORD_469,Groceries,4,2024-03-11 15:20:00,Manual,PPS_1
ORD_470,Clothing,6,2024-03-09 03:05:00,Automated,PPS_1
ORD_471,Clothing,4,2024-03-02 05:25:00,Manual,PPS_4
ORD_472,Clothing,6,2024-03-02 05:49:00,Manual,PPS_2
ORD_473,Toys,7,2024-03-28 13:52:00,Manual,PPS_2
ORD_474,Books,6,2024-03-08 02:47:00,Manual,PPS_5
ORD_475,Electronics,6,2024-03-04 03:39:00,Automated,PPS_1
ORD_476,Books,9,2024-03-03 02:58:00,Manual,PPS_1
ORD_477,Groceries,6,2024-03-12 11:18:00,Automated,PPS_3
ORD_478,Books,10,2024-03-27 14:35:00,Manual,PPS_2
ORD_479,Books,7,2024-03-02 07:24:00,Automated,PPS_2
ORD_480,Toys,1,2024-03-07 18:45:00,Manual,PPS_3
ORD_481,Groceries,10,2024-03-23 22:12:00,Manual,PPS_4
ORD_482,Toys,9,2024-03-30 17:17:00,Manual,PPS_5
ORD_483,Books,5,2024-03-14 08:57:00,Manual,PPS_3
ORD_484,Electronics,5,2024-03-30 10:05:00,Automated,PPS_4
ORD_485,Clothing,8,2024-03-13 11:54:00,Automated,PPS_3
ORD_486,Toys,1,2024-03-26 17:39:00,Manual,PPS_4
ORD_487,Clothing,4,2024-03-02 17:36:00,Automated,PPS_4
ORD_488,Electronics,8,2024-03-27 08:59:00,Automated,PPS_4
ORD_489,Books,4,2024-03-03 22:10:00,Manual,PPS_3
ORD_490,Toys,3,2024-03-23 02:07:00,Manual,PPS_5
ORD_491,Toys,3,2024-03-23 20:52:00,Manual,PPS_1
ORD_492,Books,2,2024-03-05 13:38:00,Manual,PPS_1
ORD_493,Groceries,2,2024-03-28 16:30:00,Automated,PPS_4
ORD_494,Books,5,2024-03-06 22:18:00,Automated,PPS_1
ORD_495,Clothing,5,2024-03-26 06:43:00,Manual,PPS_3
ORD_496,Groceries,8,2024-03-12 11:28:00,Automated,PPS_2
ORD_497,Books,9,2024-03-05 01:12:00,Automated,PPS_1
ORD_498,Clothing,9,2024-03-03 14:53:00,Manual,PPS_3
ORD_499,Electronics,8,2024-03-21 10:14:00,Manual,PPS_5
ORD_500,Clothing,5,2024-03-02 22:13:00,Manual,PPS_3
ORD_501,Books,10,2024-03-28 19:53:00,Automated,PPS_5
ORD_502,Clothing,3,2024-03-22 19:30:00,Automated,PPS_3
ORD_503,Toys,2,2024-03-09 18:21:00,Manual,PPS_5
ORD_504,Electronics,1,2024-03-12 05:03:00,Automated,PPS_2
ORD_505,Clothing,9,2024-03-11 03:25:00,Manual,PPS_3
ORD_506,Groceries,2,2024-03-01 20:28:00,Manual,PPS_2
ORD_507,Electronics,1,2024-03-24 15:42:00,Manual,PPS_1
ORD_508,Electronics,2,2024-03-27 17:00:00,Manual,PPS_3
ORD_509,Groceries,9,2024-03-13 08:35:00,Manual,PPS_2
ORD_510,Groceries,2,2024-03-13 18:38:00,Automated,PPS_5
ORD_511,Groceries,7,2024-03-25 21:15:00,Automated,PPS_4
ORD_512,Groceries,7,2024-03-03 20:55:00,Manual,PPS_4
ORD_513,Groceries,10,2024-03-18 14:08:00,Manual,PPS_5
ORD_514,Clothing,5,2024-03-24 20:51:00,Manual,PPS_5
ORD_515,Groceries,1,2024-03-09 00:49:00,Automated,PPS_4
ORD_516,Books,3,2024-03-15 04:01:00,Automated,PPS_2
ORD_517,Electronics,4,2024-03-05 04:55:00,Automated,PPS_5
ORD_518,Electronics,3,2024-03-18 05:45:00,Manual,PPS_1
ORD_519,Groceries,2,2024-03-10 12:25:00,Automated,PPS_4
ORD_520,Clothing,9,2024-03-29 01:28:00,Manual,PPS_4
ORD_521,Clothing,10,2024-03-12 07:16:00,Automated,PPS_1
ORD_522,Clothing,9,2024-03-21 23:53:00,Manual,PPS_3
ORD_523,Groceries,10,2024-03-19 19:38:00,Manual,PPS_2
ORD_524,Electronics,2,2024-03-04 06:11:00,Manual,PPS_3
ORD_525,Groceries,2,2024-03-25 17:43:00,Manual,PPS_2
ORD_526,Toys,6,2024-03-02 04:17:00,Automated,PPS_3
ORD_527,Clothing,6,2024-03-17 03:51:00,Manual,PPS_5
ORD_528,Electronics,6,2024-03-23 14:29:00,Automated,PPS_5
ORD_529,Clothing,2,2024-03-25 11:06:00,Manual,PPS_5
ORD_530,Clothing,4,2024-03-26 13:22:00,Manual,PPS_2
ORD_531,Books,6,2024-03-25 15:45:00,Manual,PPS_1
ORD_532,Toys,2,2024-03-25 10:38:00,Automated,PPS_1
ORD_533,Electronics,4,2024-03-14 00:24:00,Automated,PPS_2
ORD_534,Electronics,10,2024-03-15 06:49:00,Automated,PPS_4
ORD_535,Electronics,8,2024-03-21 19:00:00,Automated,PPS_2
ORD_536,Books,8,2024-03-25 17:09:00,Automated,PPS_2
ORD_537,Clothing,7,2024-03-30 16:46:00,Automated,PPS_5
ORD_538,Books,6,2024-03-09 14:56:00,Automated,PPS_5
ORD_539,Groceries,8,2024-03-14 19:00:00,Manual,PPS_5
ORD_540,Toys,7,2024-03-06 01:14:00,Manual,PPS_1
ORD_541,Groceries,3,2024-03-14 15:55:00,Automated,PPS_3
ORD_542,Groceries,10,2024-03-24 20:23:00,Automated,PPS_4
ORD_543,Clothing,3,2024-03-25 15:09:00,Manual,PPS_5
ORD_544,Toys,7,2024-03-09 13:06:00,Manual,PPS_4
ORD_545,Toys,2,2024-03-21 05:05:00,Manual,PPS_5
ORD_546,Electronics,1,2024-03-22 17:27:00,Manual,PPS_4
ORD_547,Groceries,2,2024-03-27 21:41:00,Automated,PPS_3
ORD_548,Books,6,2024-03-22 01:32:00,Automated,PPS_4
ORD_549,Books,7,2024-03-20 00:17:00,Automated,PPS_5
ORD_550,Toys,7,2024-03-25 01:56:00,Manual,PPS_5
ORD_551,Books,1,2024-03-21 23:09:00,Automated,PPS_4
ORD_552,Groceries,1,2024-03-04 01:17:00,Automated,PPS_1
ORD_553,Electronics,5,2024-03-21 14:41:00,Automated,PPS_2
ORD_554,Books,8,2024-03-07 05:59:00,Manual,PPS_4
ORD_555,Clothing,10,2024-03-13 10:07:00,Manual,PPS_4
ORD_556,Clothing,4,2024-03-18 21:43:00,Manual,PPS_2
ORD_557,Clothing,6,2024-03-19 02:27:00,Manual,PPS_3
ORD_558,Electronics,8,2024-03-07 21:53:00,Automated,PPS_4
ORD_559,Groceries,1,2024-03-18 06:53:00,Automated,PPS_4
ORD_560,Clothing,6,2024-03-28 10:27:00,Manual,PPS_5
ORD_561,Electronics,9,2024-03-01 13:35:00,Automated,PPS_3
ORD_562,Books,1,2024-03-20 19:00:00,Automated,PPS_5
ORD_563,Clothing,2,2024-03-18 20:53:00,Manual,PPS_3
ORD_564,Clothing,8,2024-03-17 11:37:00,Manual,PPS_5
ORD_565,Toys,1,2024-03-11 07:25:00,Manual,PPS_5
ORD_566,Toys,6,2024-03-17 20:23:00,Manual,PPS_4
ORD_567,Clothing,5,2024-03-26 11:06:00,Automated,PPS_5
ORD_568,Electronics,10,2024-03-21 01:56:00,Manual,PPS_5
ORD_569,Toys,6,2024-03-29 16:38:00,Manual,PPS_5
ORD_570,Electronics,10,2024-03-17 17:44:00,Automated,PPS_1
ORD_571,Toys,1,2024-03-30 06:25:00,Manual,PPS_3
ORD_572,Toys,7,2024-03-06 01:24:00,Automated,PPS_4
ORD_573,Toys,10,2024-03-27 12:46:00,Automated,PPS_5
ORD_574,Toys,6,2024-03-12 12:23:00,Manual,PPS_3
ORD_575,Toys,8,2024-03-05 08:05:00,Automated,PPS_1
ORD_576,Clothing,10,2024-03-21 09:08:00,Manual,PPS_4
ORD_577,Clothing,8,2024-03-20 00:51:00,Manual,PPS_3
ORD_578,Clothing,3,2024-03-22 10:38:00,Manual,PPS_3
ORD_579,Toys,8,2024-03-19 03:34:00,Manual,PPS_4
ORD_580,Clothing,7,2024-03-23 22:53:00,Manual,PPS_1
ORD_581,Books,7,2024-03-04 01:44:00,Automated,PPS_5
ORD_582,Toys,8,2024-03-10 10:56:00,Automated,PPS_4
ORD_583,Toys,6,2024-03-08 07:43:00,Automated,PPS_3
ORD_584,Books,10,2024-03-15 16:07:00,Manual,PPS_1
ORD_585,Groceries,8,2024-03-05 05:09:00,Automated,PPS_4
ORD_586,Electronics,6,2024-03-27 13:55:00,Manual,PPS_4
ORD_587,Electronics,3,2024-03-26 09:15:00,Manual,PPS_4
ORD_588,Books,8,2024-03-04 02:22:00,Manual,PPS_5
ORD_589,Books,4,2024-03-07 11:26:00,Manual,PPS_1
ORD_590,Books,4,2024-03-08 14:36:00,Automated,PPS_4
ORD_591,Electronics,5,2024-03-27 16:58:00,Manual,PPS_2
ORD_592,Groceries,5,2024-03-30 20:15:00,Manual,PPS_1
ORD_593,Electronics,8,2024-03-01 16:43:00,Automated,PPS_2
ORD_594,Clothing,3,2024-03-12 08:14:00,Manual,PPS_3
ORD_595,Books,7,2024-03-21 18:11:00,Automated,PPS_2
ORD_596,Clothing,7,2024-03-21 04:43:00,Automated,PPS_5
ORD_597,Toys,6,2024-03-12 21:47:00,Automated,PPS_2
ORD_598,Electronics,9,2024-03-29 08:53:00,Manual,PPS_1
ORD_599,Groceries,6,2024-03-09 22:41:00,Manual,PPS_1
ORD_600,Groceries,1,2024-03-03 14:53:00,Automated,PPS_5
ORD_601,Toys,2,2024-03-09 19:20:00,Automated,PPS_4
ORD_602,Clothing,5,2024-03-25 05:13:00,Manual,PPS_3
ORD_603,Clothing,3,2024-03-16 21:11:00,Manual,PPS_5
ORD_604,Toys,4,2024-03-24 19:05:00,Automated,PPS_1
ORD_605,Clothing,5,2024-03-01 22:43:00,Automated,PPS_3
ORD_606,Toys,1,2024-03-28 22:00:00,Automated,PPS_3
ORD_607,Toys,3,2024-03-12 03:48:00,Automated,PPS_2
ORD_608,Books,4,2024-03-08 04:32:00,Manual,PPS_1
ORD_609,Toys,9,2024-03-04 20:44:00,Manual,PPS_5
ORD_610,Books,4,2024-03-19 05:06:00,Automated,PPS_5
ORD_611,Electronics,1,2024-03-05 00:17:00,Automated,PPS_2
ORD_612,Electronics,5,2024-03-07 02:05:00,Automated,PPS_2
ORD_613,Books,4,2024-03-24 06:30:00,Manual,PPS_1
ORD_614,Toys,8,2024-03-26 22:08:00,Manual,PPS_3
ORD_615,Electronics,7,2024-03-27 23:32:00,Manual,PPS_2
ORD_616,Books,2,2024-03-30 00:19:00,Automated,PPS_1
ORD_617,Books,7,2024-03-23 09:03:00,Automated,PPS_1
ORD_618,Clothing,2,2024-03-25 06:29:00,Manual,PPS_2
ORD_619,Groceries,8,2024-03-28 04:39:00,Automated,PPS_5
ORD_620,Toys,9,2024-03-27 05:55:00,Manual,PPS_4
ORD_621,Books,9,2024-03-23 19:22:00,Automated,PPS_2
ORD_622,Toys,10,2024-03-05 09:45:00,Automated,PPS_2
ORD_623,Books,9,2024-03-01 22:42:00,Automated,PPS_2
ORD_624,Toys,6,2024-03-07 03:12:00,Manual,PPS_5
ORD_625,Toys,3,2024-03-02 04:19:00,Automated,PPS_2
ORD_626,Groceries,1,2024-03-23 07:49:00,Manual,PPS_2
ORD_627,Toys,4,2024-03-10 21:20:00,Manual,PPS_4
ORD_628,Clothing,4,2024-03-04 05:15:00,Manual,PPS_1
ORD_629,Groceries,10,2024-03-20 13:25:00,Automated,PPS_5
ORD_630,Electronics,1,2024-03-13 20:14:00,Manual,PPS_5
ORD_631,Groceries,3,2024-03-07 13:42:00,Manual,PPS_4
ORD_632,Books,2,2024-03-25 21:33:00,Automated,PPS_5
ORD_633,Clothing,7,2024-03-15 09:15:00,Automated,PPS_1
ORD_634,Toys,9,2024-03-01 21:49:00,Automated,PPS_2
ORD_635,Books,4,2024-03-25 09:58:00,Automated,PPS_3
ORD_636,Groceries,5,2024-03-17 22:11:00,Automated,PPS_1
ORD_637,Groceries,6,2024-03-20 04:42:00,Manual,PPS_3
ORD_638,Toys,5,2024-03-03 19:54:00,Manual,PPS_3
ORD_639,Books,9,2024-03-14 09:26:00,Automated,PPS_2
ORD_640,Clothing,8,2024-03-20 05:09:00,Automated,PPS_4
ORD_641,Groceries,9,2024-03-13 12:50:00,Automated,PPS_1
ORD_642,Toys,5,2024-03-04 02:22:00,Automated,PPS_4
ORD_643,Books,10,2024-03-16 00:46:00,Manual,PPS_3
ORD_644,Toys,5,2024-03-12 20:12:00,Automated,PPS_3
ORD_645,Groceries,4,2024-03-09 21:08:00,Manual,PPS_1
ORD_646,Groceries,10,2024-03-08 21:17:00,Automated,PPS_2
ORD_647,Groceries,1,2024-03-01 06:29:00,Manual,PPS_1
ORD_648,Electronics,6,2024-03-20 14:46:00,Manual,PPS_2
ORD_649,Electronics,7,2024-03-01 23:43:00,Manual,PPS_1
ORD_650,Groceries,8,2024-03-30 09:00:00,Manual,PPS_1
ORD_651,Electronics,8,2024-03-26 03:16:00,Automated,PPS_2
ORD_652,Groceries,3,2024-03-19 15:33:00,Manual,PPS_4
ORD_653,Groceries,5,2024-03-09 03:34:00,Manual,PPS_5
ORD_654,Groceries,1,2024-03-14 22:58:00,Automated,PPS_1
ORD_655,Groceries,8,2024-03-23 13:14:00,Automated,PPS_1
ORD_656,Books,2,2024-03-18 18:21:00,Automated,PPS_2
ORD_657,Clothing,2,2024-03-30 01:14:00,Automated,PPS_5
ORD_658,Toys,8,2024-03-10 03:27:00,Automated,PPS_3
ORD_659,Toys,10,2024-03-12 16:34:00,Automated,PPS_3
ORD_660,Groceries,8,2024-03-19 19:20:00,Automated,PPS_5
ORD_661,Books,4,2024-03-20 00:35:00,Manual,PPS_2
ORD_662,Books,5,2024-03-26 16:48:00,Manual,PPS_1
ORD_663,Electronics,5,2024-03-14 22:08:00,Automated,PPS_3
ORD_664,Toys,5,2024-03-06 11:16:00,Manual,PPS_2
ORD_665,Books,1,2024-03-20 10:21:00,Manual,PPS_2
ORD_666,Clothing,4,2024-03-24 12:46:00,Automated,PPS_2
ORD_667,Electronics,4,2024-03-26 08:33:00,Automated,PPS_5
ORD_668,Books,4,2024-03-19 05:52:00,Manual,PPS_1
ORD_669,Toys,7,2024-03-19 02:05:00,Automated,PPS_2
ORD_670,Electronics,1,2024-03-14 03:32:00,Automated,PPS_2
ORD_671,Clothing,2,2024-03-09 19:54:00,Automated,PPS_4
ORD_672,Groceries,9,2024-03-01 12:27:00,Manual,PPS_5
ORD_673,Groceries,4,2024-03-30 07:37:00,Manual,PPS_3
ORD_674,Electronics,7,2024-03-03 03:52:00,Manual,PPS_5
ORD_675,Groceries,9,2024-03-16 12:17:00,Manual,PPS_1
ORD_676,Electronics,1,2024-03-01 15:55:00,Automated,PPS_4
ORD_677,Electronics,8,2024-03-19 06:54:00,Manual,PPS_1
ORD_678,Electronics,7,2024-03-14 04:07:00,Manual,PPS_1
ORD_679,Electronics,3,2024-03-26 00:06:00,Manual,PPS_3
ORD_680,Books,6,2024-03-18 22:08:00,Manual,PPS_3
ORD_681,Books,4,2024-03-28 05:43:00,Manual,PPS_2
ORD_682,Groceries,10,2024-03-27 22:52:00,Manual,PPS_3
ORD_683,Electronics,3,2024-03-07 18:35:00,Manual,PPS_1
ORD_684,Toys,1,2024-03-09 06:02:00,Manual,PPS_2
ORD_685,Clothing,9,2024-03-28 23:37:00,Manual,PPS_1
ORD_686,Groceries,7,2024-03-25 18:38:00,Automated,PPS_5
ORD_687,Toys,2,2024-03-11 13:22:00,Automated,PPS_5
ORD_688,Electronics,6,2024-03-09 17:54:00,Automated,PPS_4
ORD_689,Books,5,2024-03-23 01:39:00,Automated,PPS_5
ORD_690,Groceries,3,2024-03-19 16:48:00,Manual,PPS_1
ORD_691,Clothing,1,2024-03-11 04:51:00,Manual,PPS_1
ORD_692,Books,3,2024-03-19 21:31:00,Manual,PPS_5
ORD_693,Toys,4,2024-03-30 08:09:00,Manual,PPS_5
ORD_694,Groceries,3,2024-03-14 17:19:00,Manual,PPS_3
ORD_695,Books,6,2024-03-06 08:27:00,Automated,PPS_1
ORD_696,Electronics,1,2024-03-22 19:19:00,Manual,PPS_5
ORD_697,Toys,9,2024-03-12 01:17:00,Automated,PPS_4
ORD_698,Clothing,2,2024-03-08 17:54:00,Automated,PPS_1
ORD_699,Books,3,2024-03-30 11:33:00,Manual,PPS_2
ORD_700,Groceries,5,2024-03-26 00:30:00,Automated,PPS_5
ORD_701,Books,5,2024-03-01 05:44:00,Manual,PPS_1
ORD_702,Toys,1,2024-03-24 13:53:00,Automated,PPS_3
ORD_703,Electronics,3,2024-03-12 20:39:00,Automated,PPS_1
ORD_704,Groceries,4,2024-03-24 01:58:00,Automated,PPS_1
ORD_705,Groceries,3,2024-03-28 02:30:00,Automated,PPS_2
ORD_706,Clothing,5,2024-03-13 07:34:00,Manual,PPS_2
ORD_707,Clothing,10,2024-03-18 00:12:00,Manual,PPS_1
ORD_708,Electronics,1,2024-03-27 14:37:00,Manual,PPS_2
ORD_709,Books,4,2024-03-02 23:56:00,Automated,PPS_2
ORD_710,Groceries,4,2024-03-17 23:46:00,Automated,PPS_4
ORD_711,Books,3,2024-03-17 04:44:00,Automated,PPS_3
ORD_712,Books,10,2024-03-10 13:52:00,Automated,PPS_3
ORD_713,Clothing,6,2024-03-23 01:28:00,Manual,PPS_5
ORD_714,Toys,5,2024-03-20 16:26:00,Manual,PPS_5
ORD_715,Books,1,2024-03-25 01:40:00,Manual,PPS_3
ORD_716,Toys,6,2024-03-04 21:13:00,Manual,PPS_2
ORD_717,Books,9,2024-03-29 10:54:00,Manual,PPS_5
ORD_718,Toys,6,2024-03-12 01:11:00,Automated,PPS_3
ORD_719,Clothing,2,2024-03-27 20:58:00,Automated,PPS_4
ORD_720,Toys,9,2024-03-02 00:24:00,Automated,PPS_3
ORD_721,Clothing,9,2024-03-02 06:34:00,Automated,PPS_4
ORD_722,Clothing,5,2024-03-19 17:06:00,Automated,PPS_5
ORD_723,Toys,7,2024-03-12 21:48:00,Automated,PPS_3
ORD_724,Books,3,2024-03-21 21:38:00,Manual,PPS_5
ORD_725,Toys,3,2024-03-09 17:26:00,Manual,PPS_4
ORD_726,Clothing,3,2024-03-08 16:03:00,Manual,PPS_1
ORD_727,Books,4,2024-03-25 06:23:00,Automated,PPS_3
ORD_728,Clothing,1,2024-03-26 08:57:00,Manual,PPS_4
ORD_729,Toys,10,2024-03-18 00:40:00,Manual,PPS_1
ORD_730,Toys,4,2024-03-10 14:23:00,Manual,PPS_2
ORD_731,Groceries,5,2024-03-24 08:12:00,Automated,PPS_1
ORD_732,Electronics,2,2024-03-08 22:16:00,Manual,PPS_5
ORD_733,Clothing,8,2024-03-01 15:35:00,Automated,PPS_4
ORD_734,Books,10,2024-03-30 14:18:00,Automated,PPS_1
ORD_735,Books,8,2024-03-11 14:04:00,Automated,PPS_1
ORD_736,Electronics,10,2024-03-15 13:19:00,Automated,PPS_2
ORD_737,Books,5,2024-03-18 22:35:00,Manual,PPS_1
ORD_738,Books,8,2024-03-30 17:45:00,Automated,PPS_1
ORD_739,Groceries,8,2024-03-15 00:47:00,Manual,PPS_5
ORD_740,Toys,2,2024-03-11 11:31:00,Manual,PPS_2
ORD_741,Electronics,4,2024-03-07 16:54:00,Automated,PPS_1
ORD_742,Electronics,1,2024-03-22 12:04:00,Automated,PPS_3
ORD_743,Books,2,2024-03-02 21:25:00,Manual,PPS_1
ORD_744,Electronics,6,2024-03-17 18:07:00,Automated,PPS_4
ORD_745,Toys,4,2024-03-03 20:33:00,Manual,PPS_1
ORD_746,Books,6,2024-03-20 05:26:00,Automated,PPS_5
ORD_747,Groceries,8,2024-03-18 06:41:00,Automated,PPS_1
ORD_748,Groceries,2,2024-03-25 04:12:00,Manual,PPS_2
ORD_749,Groceries,7,2024-03-11 05:20:00,Automated,PPS_2
ORD_750,Groceries,2,2024-03-16 01:11:00,Automated,PPS_1
ORD_751,Electronics,2,2024-03-22 00:16:00,Automated,PPS_1
ORD_752,Toys,2,2024-03-05 20:44:00,Automated,PPS_3
ORD_753,Toys,10,2024-03-25 20:05:00,Automated,PPS_5
ORD_754,Clothing,9,2024-03-09 23:34:00,Automated,PPS_4
ORD_755,Toys,8,2024-03-21 22:51:00,Manual,PPS_5
ORD_756,Groceries,8,2024-03-30 00:10:00,Manual,PPS_3
ORD_757,Clothing,7,2024-03-20 23:37:00,Automated,PPS_3
ORD_758,Clothing,10,2024-03-10 11:29:00,Automated,PPS_1
ORD_759,Clothing,5,2024-03-24 04:16:00,Manual,PPS_3
ORD_760,Books,7,2024-03-12 18:09:00,Manual,PPS_5
ORD_761,Books,10,2024-03-27 10:45:00,Automated,PPS_2
ORD_762,Groceries,6,2024-03-04 02:20:00,Automated,PPS_3
ORD_763,Books,1,2024-03-14 22:02:00,Automated,PPS_3
ORD_764,Groceries,5,2024-03-27 21:30:00,Manual,PPS_5
ORD_765,Electronics,7,2024-03-08 19:20:00,Automated,PPS_2
ORD_766,Groceries,1,2024-03-13 21:25:00,Manual,PPS_5
ORD_767,Books,5,2024-03-28 13:27:00,Automated,PPS_5
ORD_768,Books,10,2024-03-15 12:36:00,Manual,PPS_1
ORD_769,Clothing,2,2024-03-04 09:03:00,Manual,PPS_5
ORD_770,Clothing,1,2024-03-12 02:38:00,Manual,PPS_2
ORD_771,Clothing,7,2024-03-25 03:34:00,Automated,PPS_2
ORD_772,Toys,8,2024-03-24 15:42:00,Manual,PPS_5
ORD_773,Electronics,9,2024-03-11 05:25:00,Automated,PPS_1
ORD_774,Groceries,2,2024-03-27 11:23:00,Automated,PPS_1
ORD_775,Groceries,9,2024-03-02 06:36:00,Manual,PPS_5
ORD_776,Books,3,2024-03-10 07:00:00,Automated,PPS_4
ORD_777,Books,5,2024-03-14 04:53:00,Manual,PPS_1
ORD_778,Electronics,5,2024-03-09 02:05:00,Automated,PPS_4
ORD_779,Toys,3,2024-03-20 05:41:00,Automated,PPS_4
ORD_780,Clothing,3,2024-03-19 06:02:00,Automated,PPS_5
ORD_781,Clothing,9,2024-03-29 19:28:00,Automated,PPS_3
ORD_782,Electronics,5,2024-03-17 13:36:00,Automated,PPS_1
ORD_783,Books,1,2024-03-09 21:08:00,Manual,PPS_1
ORD_784,Books,6,2024-03-29 08:18:00,Manual,PPS_3
ORD_785,Toys,9,2024-03-20 13:42:00,Automated,PPS_1
ORD_786,Toys,6,2024-03-05 21:03:00,Automated,PPS_4
ORD_787,Clothing,10,2024-03-25 23:18:00,Manual,PPS_5
ORD_788,Groceries,10,2024-03-21 10:15:00,Manual,PPS_5
ORD_789,Groceries,2,2024-03-21 01:33:00,Manual,PPS_4
ORD_790,Toys,6,2024-03-24 19:16:00,Manual,PPS_2
ORD_791,Toys,10,2024-03-15 12:56:00,Manual,PPS_1
ORD_792,Toys,4,2024-03-19 12:49:00,Automated,PPS_3
ORD_793,Clothing,3,2024-03-24 23:39:00,Manual,PPS_4
ORD_794,Toys,2,2024-03-07 05:17:00,Manual,PPS_5
ORD_795,Toys,6,2024-03-27 07:00:00,Manual,PPS_2
ORD_796,Electronics,9,2024-03-23 23:04:00,Automated,PPS_5
ORD_797,Books,3,2024-03-17 16:50:00,Manual,PPS_4
ORD_798,Electronics,4,2024-03-29 23:54:00,Manual,PPS_2
ORD_799,Clothing,1,2024-03-30 21:56:00,Automated,PPS_2
ORD_800,Clothing,2,2024-03-16 01:30:00,Manual,PPS_1
ORD_801,Clothing,2,2024-03-11 03:27:00,Automated,PPS_3
ORD_802,Groceries,9,2024-03-28 17:50:00,Manual,PPS_4
ORD_803,Books,2,2024-03-13 10:31:00,Automated,PPS_3
ORD_804,Groceries,10,2024-03-04 21:22:00,Manual,PPS_2
ORD_805,Toys,2,2024-03-27 01:16:00,Manual,PPS_3
ORD_806,Books,9,2024-03-28 10:00:00,Manual,PPS_1
ORD_807,Electronics,8,2024-03-11 18:13:00,Automated,PPS_1
ORD_808,Electronics,9,2024-03-29 05:37:00,Manual,PPS_1
ORD_809,Groceries,7,2024-03-18 01:17:00,Manual,PPS_4
ORD_810,Electronics,10,2024-03-01 01:42:00,Manual,PPS_1
ORD_811,Electronics,4,2024-03-24 04:35:00,Manual,PPS_5
ORD_812,Books,6,2024-03-07 12:44:00,Automated,PPS_1
ORD_813,Electronics,5,2024-03-23 13:14:00,Manual,PPS_3
ORD_814,Books,3,2024-03-15 06:34:00,Automated,PPS_1
ORD_815,Books,3,2024-03-09 09:56:00,Automated,PPS_5
ORD_816,Groceries,8,2024-03-06 12:32:00,Manual,PPS_2
ORD_817,Clothing,2,2024-03-13 16:10:00,Manual,PPS_3
ORD_818,Electronics,7,2024-03-18 21:09:00,Manual,PPS_5
ORD_819,Clothing,1,2024-03-20 19:57:00,Manual,PPS_3
ORD_820,Toys,4,2024-03-29 20:01:00,Manual,PPS_5
ORD_821,Books,7,2024-03-24 06:37:00,Automated,PPS_3
ORD_822,Groceries,9,2024-03-21 06:21:00,Automated,PPS_4
ORD_823,Electronics,7,2024-03-29 14:34:00,Automated,PPS_1
ORD_824,Books,5,2024-03-05 12:48:00,Automated,PPS_2
ORD_825,Toys,4,2024-03-13 02:17:00,Automated,PPS_1
ORD_826,Clothing,1,2024-03-08 18:31:00,Manual,PPS_5
ORD_827,Clothing,8,2024-03-07 11:16:00,Automated,PPS_2
ORD_828,Books,6,2024-03-13 22:41:00,Automated,PPS_3
ORD_829,Electronics,9,2024-03-18 13:10:00,Manual,PPS_5
ORD_830,Groceries,1,2024-03-12 08:59:00,Manual,PPS_1
ORD_831,Groceries,4,2024-03-16 11:57:00,Manual,PPS_1
ORD_832,Toys,5,2024-03-05 16:20:00,Manual,PPS_1
ORD_833,Books,2,2024-03-15 16:04:00,Automated,PPS_3
ORD_834,Books,3,2024-03-17 18:05:00,Manual,PPS_4
ORD_835,Books,9,2024-03-30 23:53:00,Automated,PPS_1
ORD_836,Groceries,6,2024-03-15 21:49:00,Automated,PPS_3
ORD_837,Groceries,5,2024-03-18 20:49:00,Automated,PPS_5
ORD_838,Books,8,2024-03-29 05:39:00,Automated,PPS_1
ORD_839,Groceries,4,2024-03-21 12:55:00,Automated,PPS_5
ORD_840,Toys,7,2024-03-21 13:40:00,Automated,PPS_3
ORD_841,Electronics,10,2024-03-08 03:48:00,Manual,PPS_5
ORD_842,Books,2,2024-03-16 10:04:00,Manual,PPS_5
ORD_843,Groceries,8,2024-03-07 11:59:00,Automated,PPS_4
ORD_844,Books,3,2024-03-27 04:41:00,Automated,PPS_1
ORD_845,Electronics,10,2024-03-13 00:36:00,Automated,PPS_4
ORD_846,Electronics,8,2024-03-19 03:39:00,Manual,PPS_2
ORD_847,Books,2,2024-03-01 07:42:00,Automated,PPS_4
ORD_848,Toys,5,2024-03-21 04:09:00,Automated,PPS_5
ORD_849,Toys,4,2024-03-03 18:24:00,Manual,PPS_4
ORD_850,Electronics,8,2024-03-03 22:33:00,Automated,PPS_1
ORD_851,Toys,9,2024-03-21 21:28:00,Manual,PPS_1
ORD_852,Clothing,9,2024-03-02 04:14:00,Manual,PPS_5
ORD_853,Toys,8,2024-03-10 16:18:00,Automated,PPS_3
ORD_854,Groceries,4,2024-03-22 22:31:00,Manual,PPS_3
ORD_855,Clothing,5,2024-03-23 12:15:00,Automated,PPS_5
ORD_856,Books,6,2024-03-20 09:22:00,Manual,PPS_1
ORD_857,Electronics,8,2024-03-27 16:18:00,Automated,PPS_5
ORD_858,Clothing,5,2024-03-13 03:06:00,Automated,PPS_3
ORD_859,Electronics,10,2024-03-24 17:30:00,Automated,PPS_2
ORD_860,Electronics,1,2024-03-27 12:49:00,Manual,PPS_5
ORD_861,Clothing,1,2024-03-21 13:14:00,Automated,PPS_2
ORD_862,Groceries,7,2024-03-04 05:33:00,Manual,PPS_2
ORD_863,Toys,3,2024-03-20 21:10:00,Automated,PPS_2
ORD_864,Books,2,2024-03-27 01:51:00,Manual,PPS_4
ORD_865,Groceries,9,2024-03-18 14:12:00,Automated,PPS_5
ORD_866,Toys,2,2024-03-27 07:11:00,Automated,PPS_1
ORD_867,Electronics,1,2024-03-30 16:07:00,Manual,PPS_2
ORD_868,Groceries,5,2024-03-22 16:05:00,Manual,PPS_3
ORD_869,Groceries,7,2024-03-28 16:18:00,Manual,PPS_1
ORD_870,Clothing,2,2024-03-27 08:21:00,Manual,PPS_5
ORD_871,Clothing,5,2024-03-12 11:24:00,Manual,PPS_2
ORD_872,Groceries,3,2024-03-28 03:55:00,Automated,PPS_3
ORD_873,Groceries,5,2024-03-01 11:52:00,Automated,PPS_3
ORD_874,Electronics,8,2024-03-27 01:40:00,Manual,PPS_4
ORD_875,Groceries,1,2024-03-06 04:53:00,Automated,PPS_2
ORD_876,Books,8,2024-03-14 21:43:00,Manual,PPS_4
ORD_877,Clothing,2,2024-03-12 00:44:00,Manual,PPS_3
ORD_878,Groceries,1,2024-03-07 23:43:00,Automated,PPS_3
ORD_879,Clothing,9,2024-03-19 16:25:00,Manual,PPS_5
ORD_880,Clothing,2,2024-03-29 19:27:00,Manual,PPS_1
ORD_881,Groceries,5,2024-03-03 07:31:00,Automated,PPS_5
ORD_882,Clothing,3,2024-03-15 00:02:00,Automated,PPS_4
ORD_883,Books,6,2024-03-26 13:24:00,Manual,PPS_5
ORD_884,Toys,3,2024-03-28 12:53:00,Manual,PPS_2
ORD_885,Books,5,2024-03-16 07:29:00,Manual,PPS_3
ORD_886,Clothing,7,2024-03-26 14:14:00,Automated,PPS_1
ORD_887,Clothing,8,2024-03-28 04:52:00,Automated,PPS_3
ORD_888,Groceries,10,2024-03-01 02:47:00,Manual,PPS_1
ORD_889,Books,9,2024-03-10 04:33:00,Manual,PPS_1
ORD_890,Books,1,2024-03-17 03:57:00,Automated,PPS_1
ORD_891,Electronics,1,2024-03-08 15:42:00,Automated,PPS_4
ORD_892,Books,10,2024-03-15 04:25:00,Manual,PPS_1
ORD_893,Groceries,3,2024-03-06 11:56:00,Automated,PPS_1
ORD_894,Toys,5,2024-03-09 02:18:00,Automated,PPS_2
ORD_895,Groceries,2,2024-03-19 14:20:00,Automated,PPS_1
ORD_896,Electronics,1,2024-03-01 08:47:00,Manual,PPS_4
ORD_897,Books,4,2024-03-13 05:30:00,Automated,PPS_5
ORD_898,Toys,3,2024-03-22 04:12:00,Manual,PPS_4
ORD_899,Books,2,2024-03-24 06:14:00,Manual,PPS_3
ORD_900,Toys,8,2024-03-11 23:43:00,Automated,PPS_3
ORD_901,Groceries,4,2024-03-07 06:20:00,Automated,PPS_1
ORD_902,Clothing,1,2024-03-11 13:42:00,Manual,PPS_4
ORD_903,Toys,4,2024-03-23 02:27:00,Automated,PPS_3
ORD_904,Toys,4,2024-03-22 03:55:00,Manual,PPS_5
ORD_905,Groceries,8,2024-03-26 09:14:00,Manual,PPS_3
ORD_906,Clothing,6,2024-03-08 15:00:00,Manual,PPS_2
ORD_907,Books,8,2024-03-03 02:28:00,Automated,PPS_2
ORD_908,Books,2,2024-03-08 13:07:00,Manual,PPS_2
ORD_909,Books,1,2024-03-29 21:41:00,Automated,PPS_2
ORD_910,Clothing,8,2024-03-23 15:16:00,Automated,PPS_4
ORD_911,Electronics,5,2024-03-01 14:28:00,Manual,PPS_4
ORD_912,Electronics,6,2024-03-09 10:32:00,Automated,PPS_4
ORD_913,Toys,5,2024-03-02 11:31:00,Automated,PPS_2
ORD_914,Books,2,2024-03-15 13:08:00,Manual,PPS_5
ORD_915,Electronics,3,2024-03-22 16:36:00,Automated,PPS_4
ORD_916,Groceries,7,2024-03-26 06:20:00,Manual,PPS_2
ORD_917,Toys,7,2024-03-18 13:15:00,Manual,PPS_1
ORD_918,Groceries,2,2024-03-10 06:55:00,Manual,PPS_2
ORD_919,Clothing,5,2024-03-30 08:06:00,Automated,PPS_4
ORD_920,Toys,5,2024-03-26 13:50:00,Manual,PPS_4
ORD_921,Toys,3,2024-03-21 08:13:00,Automated,PPS_5
ORD_922,Clothing,7,2024-03-06 09:30:00,Manual,PPS_2
ORD_923,Clothing,8,2024-03-24 20:57:00,Manual,PPS_5
ORD_924,Groceries,8,2024-03-19 06:29:00,Manual,PPS_5
ORD_925,Groceries,4,2024-03-26 07:27:00,Manual,PPS_1
ORD_926,Books,6,2024-03-11 15:51:00,Manual,PPS_5
ORD_927,Clothing,9,2024-03-07 13:59:00,Automated,PPS_2
ORD_928,Groceries,1,2024-03-08 22:53:00,Manual,PPS_5
ORD_929,Electronics,8,2024-03-23 09:41:00,Manual,PPS_3
ORD_930,Toys,4,2024-03-28 13:03:00,Manual,PPS_3
ORD_931,Electronics,7,2024-03-18 22:11:00,Automated,PPS_2
ORD_932,Toys,5,2024-03-18 07:42:00,Manual,PPS_5
ORD_933,Clothing,10,2024-03-16 03:35:00,Manual,PPS_3
ORD_934,Electronics,3,2024-03-30 20:19:00,Automated,PPS_5
ORD_935,Clothing,8,2024-03-08 14:32:00,Manual,PPS_4
ORD_936,Toys,4,2024-03-19 08:46:00,Manual,PPS_2
ORD_937,Electronics,1,2024-03-28 00:35:00,Automated,PPS_2
ORD_938,Groceries,6,2024-03-20 08:37:00,Manual,PPS_1
ORD_939,Books,10,2024-03-01 07:55:00,Manual,PPS_2
ORD_940,Toys,6,2024-03-06 07:45:00,Automated,PPS_2
ORD_941,Books,3,2024-03-21 18:19:00,Manual,PPS_3
ORD_942,Electronics,5,2024-03-18 15:22:00,Automated,PPS_1
ORD_943,Books,3,2024-03-14 05:05:00,Manual,PPS_2
ORD_944,Clothing,4,2024-03-24 03:45:00,Manual,PPS_2
ORD_945,Clothing,6,2024-03-06 11:45:00,Manual,PPS_1
ORD_946,Clothing,6,2024-03-23 23:00:00,Manual,PPS_3
ORD_947,Books,9,2024-03-04 05:53:00,Automated,PPS_4
ORD_948,Groceries,4,2024-03-21 15:01:00,Manual,PPS_2
ORD_949,Books,10,2024-03-03 07:19:00,Automated,PPS_1
ORD_950,Electronics,8,2024-03-25 02:52:00,Automated,PPS_1
ORD_951,Books,7,2024-03-21 11:08:00,Manual,PPS_3
ORD_952,Clothing,1,2024-03-03 15:07:00,Automated,PPS_5
ORD_953,Clothing,4,2024-03-28 04:58:00,Manual,PPS_2
ORD_954,Books,3,2024-03-12 02:07:00,Manual,PPS_5
ORD_955,Groceries,9,2024-03-04 13:57:00,Manual,PPS_1
ORD_956,Toys,2,2024-03-09 18:03:00,Manual,PPS_1
ORD_957,Books,6,2024-03-12 16:49:00,Manual,PPS_1
ORD_958,Books,9,2024-03-15 19:24:00,Automated,PPS_3
ORD_959,Clothing,5,2024-03-07 06:02:00,Manual,PPS_5
ORD_960,Groceries,5,2024-03-18 16:44:00,Manual,PPS_3
ORD_961,Clothing,10,2024-03-25 21:00:00,Manual,PPS_4
ORD_962,Groceries,5,2024-03-12 18:37:00,Manual,PPS_5
ORD_963,Books,5,2024-03-29 23:07:00,Manual,PPS_5
ORD_964,Toys,5,2024-03-13 19:58:00,Manual,PPS_1
ORD_965,Toys,8,2024-03-13 09:07:00,Automated,PPS_2
ORD_966,Groceries,3,2024-03-14 13:11:00,Automated,PPS_5
ORD_967,Toys,10,2024-03-13 18:32:00,Manual,PPS_3
ORD_968,Toys,4,2024-03-25 17:21:00,Manual,PPS_4
ORD_969,Electronics,1,2024-03-30 03:20:00,Manual,PPS_3
ORD_970,Books,2,2024-03-03 18:05:00,Automated,PPS_1
ORD_971,Clothing,2,2024-03-19 08:47:00,Manual,PPS_5
ORD_972,Books,3,2024-03-13 20:15:00,Manual,PPS_2
ORD_973,Clothing,4,2024-03-09 15:27:00,Automated,PPS_5
ORD_974,Groceries,2,2024-03-26 09:42:00,Manual,PPS_3
ORD_975,Electronics,2,2024-03-09 06:30:00,Automated,PPS_2
ORD_976,Toys,9,2024-03-17 15:24:00,Manual,PPS_2
ORD_977,Electronics,9,2024-03-29 01:56:00,Automated,PPS_3
ORD_978,Books,10,2024-03-24 19:22:00,Manual,PPS_5
ORD_979,Toys,9,2024-03-24 04:39:00,Manual,PPS_1
ORD_980,Clothing,4,2024-03-01 16:08:00,Automated,PPS_5
ORD_981,Electronics,4,2024-03-20 06:07:00,Automated,PPS_3
ORD_982,Clothing,7,2024-03-22 11:35:00,Automated,PPS_1
ORD_983,Books,4,2024-03-07 04:12:00,Manual,PPS_3
ORD_984,Clothing,9,2024-03-14 18:09:00,Automated,PPS_1
ORD_985,Books,8,2024-03-11 00:04:00,Manual,PPS_4
ORD_986,Groceries,8,2024-03-05 07:51:00,Manual,PPS_1
ORD_987,Groceries,8,2024-03-11 15:12:00,Automated,PPS_1
ORD_988,Toys,6,2024-03-29 01:04:00,Automated,PPS_2
ORD_989,Electronics,5,2024-03-06 03:12:00,Automated,PPS_3
ORD_990,Toys,4,2024-03-18 00:12:00,Manual,PPS_5
ORD_991,Groceries,9,2024-03-02 22:32:00,Manual,PPS_5
ORD_992,Toys,5,2024-03-12 12:43:00,Manual,PPS_1
ORD_993,Books,9,2024-03-24 21:02:00,Automated,PPS_5
ORD_994,Groceries,4,2024-03-16 02:59:00,Automated,PPS_2
ORD_995,Clothing,7,2024-03-02 12:20:00,Manual,PPS_3
ORD_996,Books,2,2024-03-20 13:35:00,Manual,PPS_5
ORD_997,Clothing,6,2024-03-18 08:51:00,Manual,PPS_1
ORD_998,Toys,6,2024-03-05 14:06:00,Manual,PPS_1
ORD_999,Books,1,2024-03-02 10:59:00,Automated,PPS_5
ORD_1000,Clothing,9,2024-03-18 02:27:00,Automated,PPS_2
